{
  "mae_mean": 998.6585579427083,
  "mae_std": 199.60804405611282,
  "rmse_mean": 1375.4492964950432,
  "rmse_std": 427.7417761010192,
  "smape_mean": 16.675758845368648,
  "smape_std": 1.9718558870444645,
  "mase_mean": 0.393785705879941,
  "mase_std": 0.07870837725546241,
  "pinball_loss_0.1_mean": 156.2104580078125,
  "pinball_loss_0.1_std": 32.012880830991925,
  "pinball_loss_0.5_mean": 499.32927897135414,
  "pinball_loss_0.5_std": 99.80402202805641,
  "pinball_loss_0.9_mean": 425.8644443359375,
  "pinball_loss_0.9_std": 165.55922719161248,
  "coverage_80_mean": 0.42666666666666664,
  "coverage_80_std": 0.06463573143221772,
  "width_80_mean": "1244.0715",
  "width_80_std": "277.9844"
}